OBJECTID,ZCTA5CE10,GEOID10,ALAND10,AWATER10,County,GlobalID,Shape_STArea__,Shape_STLength__,ID,GEOID10_1,Total_Population,Population_Under_18,Population_Under_5,PopPerSqMile
1,48371,2648371,110655621,4157391,Oakland,17bb11b6-3ed7-4360-ad7e-9f60008621f1,1235618093.98934,207362.924188193,78,48371,23061,5958,1338,539.76267153229
2,48380,2648380,65730039,4189694,Oakland,dfafdbfc-aa22-4455-9f9a-669cbe577031,752500748.691392,187144.651044013,82,48380,7171,1641,297,282.562173926899
3,48081,2648081,10178038,3460922,Macomb,4553d9a2-6505-4313-b858-7ca4f9920f1d,146789896.888213,51296.7064128202,342,48081,20773,3998,774,5286.07528092191
4,48315,2648315,33063561,425300,Macomb,0a5cf34c-8741-4b71-a40d-e36aae653ebe,360411851.782608,88027.2604060708,48,48315,26982,5558,1085,2113.59952483603
5,48317,2648317,31361812,1328385,Macomb,fbd7d590-f347-4b44-ae8f-927e023c34ba,351817680.090728,87300.4468129206,50,48317,26601,5854,1547,2196.82269615149
6,48088,2648088,11490620,0,Macomb,db452d68-fb5e-43db-92d7-0b6fd6a9660a,123667671.775366,51115.1436246168,347,48088,22766,4847,1223,5131.46604614085
7,48048,2648048,49265723,402169,Macomb,cd1cd4f9-b6f9-410c-b05b-786ec81fe552,534531005.660784,117290.083686289,319,48048,8008,2161,480,420.995442577643
8,48236,2648236,19463663,3357791,Wayne,cde3e9af-fe1f-4bfa-89cd-94d6acf1dd94,245620957.822372,86856.4997329503,31,48236,30539,7651,1627,4063.76350856887
9,48383,2648383,38623150,2452196,Oakland,12cf8a21-5ebb-46eb-b399-5612f7196a77,442059867.882568,121077.707954,85,48383,12956,3036,670,868.803254772726
10,48335,2648335,19519357,9310,Oakland,d5454f5b-6ae5-438d-b0e2-89f50cb31cb1,210177688.38392,82026.1081373899,61,48335,22765,4547,1167,3020.64952183057
11,48320,2648320,2832858,794949,Oakland,1cb6bfb7-562b-4d84-9205-5320a47aed0a,39043282.9622227,41567.7872641975,51,48320,4391,937,276,4014.54954600532
12,48165,2648165,24100791,601254,Oakland,66f4c169-ed4a-46ef-8a99-0ca8c57bcf97,265856413.144443,102348.411103733,399,48165,6224,1499,369,668.861930637607
13,48363,2648363,52310794,851170,Oakland,52f14064-1170-4428-9353-2c020b9b15d9,572131540.274183,113905.093024149,75,48363,5333,1196,253,264.045312688249
14,48073,2648073,19104791,0,Oakland,63e88086-772a-4e7d-a04f-afef52dbdd41,205613904.199362,79139.4454606836,336,48073,33017,5544,1756,4476.03536676167
15,48083,2648083,22379873,0,Oakland,e9cca7b3-0da2-43fc-8ea3-090d7648a86d,240859897.474899,66265.5537855073,344,48083,23671,5268,1463,2739.41089331442
16,48213,2648213,16923386,0,Wayne,99a01366-4b33-45ff-a56b-3b943a330405,182142527.228739,78917.9696212648,11,48213,26745,7211,1947,4093.11109743857
17,48216,2648216,5747286,0,Wayne,60bf334e-5370-4255-a22a-7fea287a0506,61857716.6046185,47805.7357555595,14,48216,5169,1065,290,2329.38842743631
18,48221,2648221,14119737,2042,Wayne,824aaf88-1a14-4e60-8cb1-052cef230185,151987750.366139,56073.8936891594,19,48221,39766,8818,2042,7294.29782314608
19,48215,2648215,10395926,0,Wayne,7d60640b-268a-4852-98a2-fca73d03ceda,111890120.223714,49809.3052202122,13,48215,12606,3376,967,3140.59774124409
20,48227,2648227,19504196,0,Wayne,6d9b1259-7944-461f-a0d8-a6453c4bb756,209919144.666422,67699.6889931119,24,48227,43639,11588,2997,5794.88641935601
21,48128,2648128,6123655,134025,Wayne,9e456709-6d6a-4620-9c9c-2818f864a31f,67351262.2364463,56021.8253804226,374,48128,10874,2903,757,4599.14184676774
22,48195,2648195,17672628,12035,Wayne,69ac23cc-5368-457e-98cf-d73abeb8b99f,190348454.001455,57478.8494562434,424,48195,29710,5347,1356,4354.11310764096
23,48192,2648192,13720595,377603,Wayne,cc372c22-7774-4561-abe2-46e6098806da,151745370.589822,67308.190393757,422,48192,25470,5085,1247,4807.88632027856
24,48230,2648230,8360759,3001154,Wayne,d3a3a3db-f0d4-465d-9b7b-9caba6818f17,122286761.038076,50549.363191409,27,48230,16762,4313,906,5192.52172160696
25,48187,2648187,46813620,32123,Wayne,fb4d9cf0-6740-4eaa-9072-5c5f9a88259b,504199419.391479,95169.0796552253,417,48187,48113,12369,2778,2661.8795670969
26,48225,2648225,6854875,0,Wayne,9ae472b6-50d3-447f-9c73-a9accd7f790f,73776795.3631003,42611.6637975598,22,48225,14698,3654,681,5553.37363319013
27,48218,2648218,6872362,287672,Wayne,1bd9b834-9581-4765-8618-284794e176f3,77064671.3190145,48495.8789201814,16,48218,7761,2083,619,2924.89207873146
28,48178,2648178,131199506,4856212,Oakland,1456054b-67db-48b3-83ac-f44b7e432bcf,1464321140.89498,301540.464731402,409,48178,30288,7663,1813,597.911060714649
29,48062,2648062,102252058,236937,Macomb,0475844c-a289-477c-8171-56095ac620fb,1102988625.6159,173309.750227131,326,48062,9389,2379,471,237.81841046088
30,48036,2648036,21551261,564901,Macomb,0f95a748-5653-460f-b8d4-2c8d583102e5,238021431.383903,160107.470334649,309,48036,21271,4191,1353,2556.30936895922
31,48312,2648312,29136295,196890,Macomb,a8c57f4d-acef-4c64-96c4-90227a6ef0fe,315694215.591627,93351.0680110429,45,48312,32834,6612,1505,2918.68790825119
32,48043,2648043,10615453,340371,Macomb,16df5b8c-592f-4da4-9e6e-99e98863adc6,117910012.928459,61114.3660835173,315,48043,16338,2984,588,3986.19509644599
33,48309,2648309,40034011,41084,Oakland,bcb19660-70fe-4002-90f5-13d386cfcd10,431294759.167012,95157.0806904893,43,48309,29839,6282,1368,1930.42685657485
34,48301,2648301,19082075,563499,Oakland,6b96f82f-b424-469f-a118-656843bee3c3,211432282.252964,77180.206197419,38,48301,14228,3609,775,1931.15195773936
35,48331,2648331,24056347,30025,Oakland,a8ba64d3-c8fd-494c-b79b-d055ddd51b64,259227572.229727,79703.2198992475,59,48331,21616,4636,1030,2327.25430714549
36,48357,2648357,30436623,1531824,Oakland,42bdc1c9-0a5e-4992-a2d0-e00a694cfac1,344050687.806501,111017.497592962,71,48357,8832,2196,519,751.555030478531
37,48356,2648356,36733900,3600344,Oakland,d992b751-29c5-49f6-ac8b-df43f37079c1,434084721.042791,92361.9113861365,70,48356,8319,1865,330,586.546267618655
38,48360,2648360,30939560,2059458,Oakland,63331cbf-7298-4781-b27d-88267271d21c,355137565.465505,105966.83573802,73,48360,11713,3384,573,980.51039164922
39,48328,2648328,23415085,6661279,Oakland,7b374e22-edf5-48df-9476-d0bf3cfb2422,323686929.532056,120841.476342788,57,48328,24698,5357,1738,2731.8964782965
40,48205,2648205,16531627,0,Wayne,705fe395-dab0-4d68-909b-ce2f4d211fa9,177924795.006312,68397.233078354,3,48205,37556,10531,2670,5883.85448084782
41,48214,2648214,13014076,1565598,Wayne,fb77c75f-2fd2-4737-93fd-b99f21bbd1db,156919451.350825,58873.4045731156,12,48214,20646,3893,1107,4108.85461801259
42,48146,2648146,15202542,1439,Wayne,fe5683f4-ed6e-4e35-8774-e9627e754d51,163644902.009115,55477.5895294715,388,48146,37458,9051,2536,6381.55569767353
43,48101,2648101,18182907,122205,Wayne,fee82aea-2d1c-4ba6-9f36-6c9768030786,197021949.356406,79081.6132287103,357,48101,27814,5758,1296,3961.85269011477
44,48193,2648193,18194681,658655,Wayne,962081dd-d62f-44c5-a037-a1a487289de0,202929960.568267,93924.2489242779,423,48193,15260,3534,1022,2172.24236085165
45,48223,2648223,15679754,0,Wayne,bb9a39a7-e5bf-4493-ae7b-fe7fcc463ed7,168757060.946607,65999.4604661677,20,48223,24221,6445,1631,4000.83845233552
46,48217,2648217,5921036,126346,Wayne,f6bf21cf-96fc-4875-8e8f-f8a46f2a9830,65088817.4599181,40091.344331484,15,48217,7701,1766,339,3368.58579123229
47,48180,2648180,61116827,95634,Wayne,2a588302-d463-4583-a36d-f2516318edd9,658853025.055701,104934.35418698,411,48180,62331,14923,4234,2641.44447694661
48,48185,2648185,31512594,23686,Wayne,e1a6939e-0f10-41e8-a476-66c4344704cb,339422799.970873,102006.617676821,415,48185,47872,9050,3033,3934.55488942679
49,48208,2648208,8190764,0,Wayne,3b901e74-1dbe-4784-9123-31b03db75407,88156260.9110157,51598.8197379479,6,48208,9413,1910,650,2976.47224052772
50,48096,2648096,94741211,296426,Macomb,e1cc9c0e-7210-4af5-9086-6d0bbd4cfd80,1022800487.09544,127940.741136059,354,48096,3870,694,87,105.796237779909
51,48313,2648313,23503570,406887,Macomb,0260aa63-bdea-4931-9357-814bb4bb65b3,257331037.623948,84151.6246710831,46,48313,33553,7135,1520,3697.39384957796
52,48091,2648091,20698268,0,Macomb,95263672-6909-4772-8a66-53ae74184c38,222765999.987319,64094.0929001315,349,48091,30505,7683,2168,3817.11473450413
53,48316,2648316,28762237,627097,Macomb,7318e2f0-dc01-4b93-aa73-2285bb2c4dac,316291315.410534,74317.1263751049,49,48316,26386,6101,1449,2376.01450858819
54,48047,2648047,46696164,13420267,Macomb,57503d92-367e-4ae3-b223-4b6232b0bd48,646986294.002062,140373.937292451,318,48047,39681,9779,2538,2200.89636613573
55,48045,2648045,37852081,23892437,Macomb,90a18ef9-69fa-489e-bfc2-c861d0094b5f,664516840.810115,117568.611354574,317,48045,24754,4730,958,1693.76758242292
56,48397,2648397,462102,0,Macomb,8f7749fd-669a-4bd2-9199-54b8418f7a7f,4973359.53625137,9243.96477836112,89,48397,0,0,0,0
57,48340,2648340,19451041,223003,Oakland,e028aa7a-4a51-46f0-af62-372749887614,211734778.846039,80400.551358838,63,48340,25371,7481,2239,3378.25887753422
58,48220,2648220,11479188,0,Oakland,573027ba-0a93-4867-8d0f-8284720d476b,123545425.064257,56216.4514013447,18,48220,22809,4239,1493,5146.2782886406
59,48329,2648329,26456696,5606231,Oakland,6d65e507-c5af-4a27-a7e2-5979b3f8569f,345064817.924751,118186.216954637,58,48329,24911,5152,1009,2438.6739845317
60,48076,2648076,18438102,0,Oakland,c15b15bc-6822-419d-bf98-c6a3ed320f6e,198439216.026267,62034.098992938,339,48076,25456,5519,1287,3575.7911057195
61,48393,2648393,34281698,636214,Oakland,0ff65365-5dc4-4f9d-99ce-85f136300afd,375802936.54346,110482.302977472,88,48393,16445,4066,1213,1242.42374724661
62,48359,2648359,27891596,772580,Oakland,3f8f3479-2cab-423f-a7a8-669579548d38,308486268.346781,104988.167042993,72,48359,8148,2173,517,756.616564524538
63,48167,2648167,46056638,521639,Wayne,727c3d0e-b60a-405b-89a1-5e3aa986f335,501305812.110471,186513.015568843,401,48167,22193,4936,1122,1248.02122455736
64,48070,2648070,3847786,9241,Oakland,6fed393e-d221-4f7d-acbd-9bac53ad7076,41511200.7719738,26566.1161247157,333,48070,6310,1675,409,4247.33620611621
65,48207,2648207,16061703,521193,Wayne,2742128a-b72d-4d29-8305-3d3331c69804,178480348.612357,97546.2540646011,5,48207,21828,4155,1404,3519.82073013494
66,48174,2648174,106680136,588742,Wayne,1173bf7b-c5a3-4f1f-a808-fa94ad9b2fee,1154584185.5202,262991.055213012,406,48174,31602,8075,2008,767.236399736144
67,48188,2648188,46715127,44071,Wayne,84b9c44e-9bf1-4b48-96e0-f1a74c9ace49,503275552.383417,95606.4842881331,418,48188,41559,11663,3031,2304.12345958482
68,48126,2648126,25386287,240192,Wayne,a48178d0-c923-45f0-8548-41c256ffbcde,275817089.543609,115823.42803198,372,48126,47986,17039,4692,4895.6859950225
69,48228,2648228,22299441,0,Wayne,b977d0f0-dd51-4149-a956-5de624ea7584,240005916.164842,94663.0918082456,25,48228,52336,15686,4207,6078.61645114942
70,48219,2648219,21773613,5168,Wayne,1e31f54e-ed11-4e24-acf2-dee5eb596dc9,234397032.168268,72723.3636361511,17,48219,47476,11117,3291,5647.31239216111
71,48203,2648203,20756114,18585,Wayne,8d46694b-2266-4e51-9b5e-c4275fa13a0b,223591109.771188,69684.1976915681,1,48203,25134,5483,1543,3136.27224052543
72,48138,2648138,23824274,3950375,Wayne,e6066260-bc05-48f3-80dd-d94265cb9cf7,298961165.018678,154778.340273414,381,48138,10264,2052,294,1115.82261392309
73,48233,2648233,48551,0,Wayne,f38f9747-6249-43c5-b513-b88e0b2cc930,522550.37114135,3671.94812245938,28,48233,0,0,0,0
74,48134,2648134,46410603,1160454,Wayne,464cc62f-9c14-4e0b-a165-0f41bf60c2f3,512051891.889881,160545.668979005,378,48134,20775,5076,1148,1159.36987634738
75,48111,2648111,174712960,5993611,Wayne,eb03e2c0-7cf7-44ca-b433-3636f30aad05,1945053480.33627,234499.232231826,363,48111,42026,10062,2687,623.004416250341
76,48341,2648341,16553506,622686,Oakland,651fba3f-bcfa-4118-861c-ca1ec4a286d7,184853425.54292,104287.320447794,64,48341,17112,3747,995,2677.37356862379
77,48302,2648302,28779375,3009391,Oakland,e9e440eb-3357-43b1-90d7-2bfd6868b2c8,342119231.658373,105004.14131543,39,48302,15414,3029,460,1387.17798302951
78,48304,2648304,29280740,240747,Oakland,db5ec670-cd35-4770-b9e4-8430659366bf,317718411.667264,87748.9067436962,40,48304,16395,3591,759,1450.19887339948
79,48348,2648348,85808148,2392869,Oakland,238cdd44-edd7-4504-8579-a878134caf75,949222732.439929,184137.969609348,67,48348,23000,6199,1101,694.220602260379
80,48346,2648346,46526882,2248921,Oakland,b2d4f4df-6279-45ff-a9e5-756aa57650a6,524928969.273942,121144.327956273,66,48346,23047,5386,1105,1282.94678638451
81,48237,2648237,13341572,0,Oakland,616001ed-8523-480a-a10e-5424f1439b16,143589203.305979,58545.8435441519,32,48237,29622,7217,1817,5750.49941993311
82,48025,2648025,20795336,40066,Oakland,aaaaf1ee-e31d-40b2-889d-31bc93c362ab,224238949.093881,82546.5087932433,300,48025,14616,3691,631,1820.37466734114
83,48017,2648017,5683647,0,Oakland,45907ba0-354c-4b48-a639-3e47852c783c,61169624.9009713,38403.0521513809,296,48017,11943,2074,563,5442.32566429418
84,48204,2648204,12980500,0,Wayne,7f4dde15-eb34-4531-98d0-12d3280dc3eb,139707036.313053,50996.762287999,2,48204,26692,6700,2165,5325.83718193852
85,48173,2648173,30022088,5808529,Wayne,c4f74aff-937d-4a80-88a7-a9c2c49c1fd4,385685222.959714,124599.789486865,405,48173,12647,3027,610,1091.05040692121
86,48141,2648141,16194528,1610,Wayne,9a89183b-f826-4383-a5f9-d1d2f81e6c27,174320362.914438,52712.7343313743,384,48141,25056,7311,2170,4007.20569881882
87,48229,2648229,7303781,4867,Wayne,1a48929a-52ec-4e01-9768-7c8cfc648b90,78664840.9842521,45206.9359759114,26,48229,9591,2517,817,3401.06035551737
88,48184,2648184,18208616,3148,Wayne,43730835-754e-4481-9c38-0250bfa8a43d,196016400.221928,85278.6224534715,414,48184,17341,4000,909,2466.58105611501
89,48243,2648243,42722,0,Wayne,689a977d-d1bf-47f9-8645-8f756000d442,459806.291032977,3356.85007730524,37,48243,0,0,0,0
90,48005,2648005,94471583,156724,Macomb,06e1022f-4b96-48f0-8843-d9724144c5ba,1018390410.00508,127784.16387385,291,48005,5407,1174,205,148.235890832211
91,48211,2648211,10848548,0,Wayne,edb5288a-01e3-4c10-8a4f-e6657301d060,116760606.800833,73661.3160527818,9,48211,6372,1691,497,1521.25613579076
92,48120,2648120,8253572,149422,Wayne,941f337c-ad58-4006-bed0-627c4dde1446,90441741.8169886,68392.5476174626,368,48120,7350,2203,594,2306.44756385766
93,48201,2648201,5193540,0,Wayne,c96b32fc-de7b-4b1b-9722-096975fc0475,55897578.7309995,46716.3131174728,427,48201,12465,1977,743,6216.22882211176
94,48127,2648127,19924557,22246,Wayne,6cf862fa-0554-4f95-8927-9b58f33ef1c9,214685826.391343,73959.272114342,373,48127,37007,9546,2645,4810.53519790192
95,48442,2648442,221106779,9626182,Oakland,ee2cf303-06af-43e0-9862-19dba43f0624,2483145392.70599,341833.054365677,119,48442,21311,5230,1179,249.631830744783
96,48314,2648314,19963757,86817,Macomb,289f0019-d41b-4e65-a1ce-2095a922f591,215789098.313333,70442.9996408508,47,48314,20654,4330,1078,2679.5390365
97,48038,2648038,28395064,40058,Macomb,e7c04324-1d39-4684-9982-501a1ec1bef0,306027065.630127,95646.4811022819,310,48038,42221,7298,2110,3851.09164840832
98,48026,2648026,10725535,40959,Macomb,b72daf5d-c70c-4d0b-bb2a-947de75f6dc6,115873756.560594,43019.9566042368,301,48026,14544,3099,788,3512.06942393522
99,48386,2648386,43311680,6263206,Oakland,e871b11b-745f-4787-b22e-4fae6c44bb25,533532279.70627,121508.675132128,86,48386,17669,3611,907,1056.58668068153
100,48326,2648326,44779600,1578102,Oakland,eb40c6c0-7167-43ec-9e31-605a29aac364,498907863.180848,145029.050711004,55,48326,20589,4090,1363,1190.83950742339
101,48390,2648390,32461268,2524821,Oakland,12cc8f65-637f-4f2e-876b-74b43ee6d8c5,376531975.907834,103941.979743373,87,48390,23370,4962,1258,1864.62465703975
102,48374,2648374,23521854,295905,Oakland,e25c0a97-b835-4e48-af48-cce4ab83d163,256340446.050186,68197.7265450404,79,48374,14863,4395,971,1636.56447045223
103,48377,2648377,24977248,2201392,Oakland,f28b2874-1921-4297-8948-a2a5ca00b3d9,292508056.048859,76445.1117979304,81,48377,15810,3039,1011,1639.40205300244
104,48342,2648342,14852162,135050,Oakland,f83502f5-d02c-491d-81db-d8cdf2e7a96a,161294888.877954,76137.6998593169,65,48342,17655,5173,1686,3078.76283178887
105,48327,2648327,29357542,1254703,Oakland,100329d1-9088-4a5d-a932-44cb3a4451ca,329454115.003785,89687.6588127984,56,48327,22870,4841,1224,2017.64457675784
106,48367,2648367,60738183,2515683,Oakland,0983b126-51cb-4f4d-8bd2-cceb99d70f61,680738294.747487,113095.347453793,76,48367,4634,1113,200,197.602495248307
107,48186,2648186,21391213,15889,Wayne,efafd96e-b09f-40e0-b26d-d8876f21b614,230406366.792687,95206.2183469565,416,48186,35323,8307,1894,4276.81396808264
108,48226,2648226,3197600,0,Wayne,e6058515-7444-4ccd-a4bd-ae10f24d6c4c,34415725.9427024,40734.2570298891,23,48226,5522,227,93,4472.70708820715
109,48462,2648462,123305612,3336299,Oakland,dae2b49a-4882-40fa-bfb2-c4aa27752689,1362918480.33246,246675.162438199,134,48462,13671,3439,469,287.154502915035
110,48066,2648066,25516402,74007,Macomb,3a362728-5389-4b1a-83bb-e295559d7032,275417193.976734,80315.0308628412,330,48066,47453,10995,2949,4816.62049111927
111,48310,2648310,21908557,69654,Macomb,f67cd3e1-61e7-46e6-a84c-c5e06660b656,236536668.621491,81726.9448698484,44,48310,43519,8941,2407,5144.73872682977
112,48092,2648092,21213730,94029,Macomb,b599754e-027b-4f50-8e49-a27219175ce1,229323509.608747,84966.9814941906,350,48092,26741,5523,1432,3264.81665790834
113,48051,2648051,39007428,144086,Macomb,0ca06e10-9ae7-4979-a6d4-a4cc8a9d33b9,421355144.095408,140735.960833423,322,48051,17014,4646,1200,1129.68484751216
114,48164,2648164,76119149,380809,Wayne,9ce0c25f-c12a-40d7-9256-e280e6720873,823433127.345266,201992.025184368,398,48164,9171,2499,421,312.047681267162
115,48370,2648370,30968042,318137,Oakland,36c0b59a-1ef1-4fcc-baaa-5f1c35eb97b7,336701928.345079,90468.2528762338,77,48370,1880,500,50,157.232490169686
116,48307,2648307,39752809,131153,Oakland,d5ff4422-b746-431f-afdc-a07237812c9f,429237502.680691,91249.070237074,42,48307,41196,9463,2862,2684.01796321697
117,48382,2648382,42605404,4905944,Oakland,d50804c6-3151-4c83-9126-169c56653376,511330492.522387,131094.749169735,84,48382,22153,5820,1357,1346.6850855607
118,48336,2648336,23545178,0,Oakland,8ff17935-61fd-4bea-b96e-d8042c1ba6dc,253405462.871435,69370.8519462465,62,48336,26325,5711,1434,2895.77352032909
119,48334,2648334,23280642,33221,Oakland,daaa64ea-a623-4a2f-9513-2c9f0497e5b4,250913329.78606,68863.2661030434,60,48334,18272,3513,787,2032.77506469935
120,48030,2648030,7297399,0,Oakland,a55d73b2-c81d-4cf9-9f77-293815ed09a5,78538637.7421767,37061.6818712443,304,48030,16532,3759,1086,5867.53237349181
121,48324,2648324,22267787,9211406,Oakland,2615d6fc-d993-48c9-80d0-53b5e0efe19a,338786615.202649,135283.175648866,54,48324,17026,4065,750,1980.3126480158
122,48362,2648362,25688754,3921695,Oakland,93979bff-c522-478e-9402-30676436cde0,318668840.906768,87448.8737312121,74,48362,15743,4053,887,1587.24017047437
123,48350,2648350,61607645,2335994,Oakland,ab8cfbee-764e-45a3-9622-947baa57523c,688163931.194755,124079.393973287,68,48350,7136,1888,443,299.998044732215
124,48084,2648084,16008059,0,Oakland,95d2e491-a0f7-4216-9804-460f9c317b68,172284179.683965,66031.1349575367,345,48084,14573,3292,838,2357.8082300128
125,48072,2648072,6220197,0,Oakland,805b5ef3-2c01-4e66-be38-8997ef44ff08,66944712.0103876,37073.1470106245,335,48072,15135,3232,987,6301.97210527238
126,48009,2648009,13084514,31709,Oakland,b835f936-ab3c-4f03-8d4c-af0acaf14299,141161728.167779,69535.1369569871,293,48009,20382,5264,1401,4034.47837259878
127,48168,2648168,52837702,610512,Wayne,7cbf67b9-fed4-4abf-99fb-01087d139f60,575248972.455245,169075.765538414,402,48168,21971,5383,947,1076.97120966492
128,48170,2648170,88448610,539814,Wayne,82b712ac-8396-4eff-9943-4e64021b341b,957769541.632139,189852.366330373,404,48170,39628,8836,2130,1160.40430886811
129,48224,2648224,14852847,0,Wayne,5d8687e5-0e35-4a3f-9343-68c6a3b71509,159857673.911525,57321.3624670348,21,48224,44420,12828,3432,7745.81352601807
130,48209,2648209,17501605,347455,Wayne,3be52d05-71c1-4c05-89ba-d8c9574eacad,192110438.921626,68392.966391063,7,48209,33590,10904,3043,4970.84609176941
131,48212,2648212,13854094,26408,Wayne,224d4686-d794-4c88-bd47-2d45d0516e97,149391682.221613,59442.5793328065,10,48212,38046,11240,3315,7112.61111710539
132,48239,2648239,25193320,93427,Wayne,24c137be-cb3d-4740-9347-7780ee272556,272155593.638173,92076.7235251919,34,48239,35711,8510,2495,3671.25709957635
133,48093,2648093,14641248,99514,Macomb,309c7f6c-347b-47a8-a62e-4c280e67554e,158646758.758833,73512.5927190243,351,48093,23457,4460,1332,4149.4693550185
134,48042,2648042,58854197,113652,Macomb,4bb2dbc3-dddd-4abc-80b5-7c427d5daf07,634620984.628278,144246.776077703,314,48042,28195,7440,1664,1240.7744758969
135,48080,2648080,11325638,1885265,Macomb,fdd46df6-5e1d-4f1f-9eac-edf1921bf127,142183716.304636,53850.8963828956,341,48080,22353,4148,1115,5111.77032626526
136,48095,2648095,43806880,922896,Macomb,bc903faf-aeea-46dd-95ed-444291bf44cc,481383746.468711,107885.825767582,353,48095,5115,1185,205,302.413730543388
137,48306,2648306,58870695,262841,Oakland,eda47956-4fe8-491d-a7d9-0e925f0d922a,636399962.834493,131048.875788599,41,48306,27836,7423,1471,1224.63271081857
138,48071,2648071,18374593,0,Oakland,ce4f7d7c-ff97-4df8-9d5e-f93d3cabb0f3,197755528.755136,65210.0866902391,334,48071,30028,5811,1900,4232.59651179015
139,48375,2648375,22224685,79905,Oakland,f9057e35-d41c-48a3-9b06-bdc9165f3766,240053444.771181,81077.9638313434,80,48375,22437,5615,1093,2614.73309818441
140,48067,2648067,11888903,2761,Oakland,8f0def05-5ea0-4489-bef7-03444e27e1db,127983713.347139,51056.1266272727,331,48067,25366,3856,1317,5525.9683742435
141,48034,2648034,11188519,0,Oakland,b8882d1b-65a9-40ca-b2fe-f11ad16f299b,120415624.174103,50607.3212545769,307,48034,13997,2767,906,3240.1159314766
142,48033,2648033,23215673,14814,Oakland,2cf5d310-e5e9-4829-b1f3-e9bac2ec0057,250018306.714803,73976.6788269543,306,48033,15976,3087,874,1782.31706192271
143,48075,2648075,19155677,0,Oakland,7d9a822a-ea05-4219-b36b-021934dcf6fd,206163752.817035,69925.9461881617,338,48075,21238,4038,1090,2871.5362405012
144,48085,2648085,24113159,403419,Oakland,168ca06e-d1b7-4f3b-b453-ffe42bb3fca8,263853708.904568,64972.8142346593,346,48085,24410,6040,1071,2621.87426180503
145,48322,2648322,30447134,172677,Oakland,e523ee55-d393-46f8-a5e9-b4fa272c92e2,329540868.771639,86024.7432540484,52,48322,32478,7383,1339,2762.74657733647
146,48069,2648069,1396492,0,Oakland,0873327a-da2f-4786-955e-decfc698084b,15029794.4067522,17149.7645114558,332,48069,2544,451,106,4718.20542388229
147,48206,2648206,8095663,0,Wayne,65ccaebd-ae95-4708-96cf-815e0919076f,87132004.1174752,44356.497638331,4,48206,19383,4443,1382,6201.07187304025
148,48135,2648135,15198077,0,Wayne,bf342043-7295-4c45-a467-d86de8b62ccf,163576329.128109,62134.9468473696,379,48135,27349,5885,1748,4660.69841436552
149,48150,2648150,31043463,406031,Wayne,38450f3f-cb3f-4537-b999-b33d41914c31,338484956.61822,93204.845779196,389,48150,26958,5819,1535,2249.13589840757
150,48152,2648152,31368242,33600,Wayne,9444196d-f829-453a-b380-5fd7042cc3a8,337966259.432113,91814.8593147859,390,48152,30998,6082,1386,2559.42073947063
151,48242,2648242,18054952,341236,Wayne,3f8477b3-03d8-4bad-89de-3c64e7c55d9e,198006352.19397,62421.4824988805,36,48242,0,0,0,0
152,48238,2648238,13974835,0,Wayne,28fa172d-5db9-4f5a-a161-58cceed2d88a,150407388.701934,57914.9700620909,33,48238,30683,7597,2093,5686.55601953673
153,48122,2648122,7055271,98887,Wayne,51b65742-79a2-4910-b5c1-353e76136f32,77001159.6578587,38370.4559443928,369,48122,10639,2872,719,3905.57785388415
154,48021,2648021,13253190,5331,Macomb,e2355ddd-e0d7-49b8-8f48-ba5709bfba13,142696135.2217,50329.4231225611,297,48021,32481,8547,1858,6347.56501793568
155,48035,2648035,22772757,100522,Macomb,159a7287-3131-4286-b8c1-d4508a292258,246171674.609044,78631.2434451961,308,48035,34367,7515,2277,3908.62676500234
156,48044,2648044,34968458,194242,Macomb,b7739c81-d370-41f1-ab3d-01d1f698761d,378428184.379592,94057.2704780237,316,48044,54009,15353,3999,4000.25655165363
157,48094,2648094,45382986,2377070,Macomb,2b81f294-40d7-4211-9aee-2773309f61b1,513997023.90208,108873.878049075,352,48094,18446,4526,865,1052.70655648557
158,48089,2648089,20623879,4901,Macomb,9d40e983-2ba8-4f16-b868-407332323501,222018651.749882,66649.2031565316,348,48089,30929,8367,2228,3884.12964326368
159,48065,2648065,96830565,1100722,Macomb,556114d7-6357-4a7f-a5b7-a33aad1aa811,1053937062.81161,135656.670024972,329,48065,10745,2171,478,287.403560808698
160,48050,2648050,48119193,169262,Macomb,eb3030a5-71f6-45a9-ad23-dc351e3c31f4,519682756.943259,102835.026279302,321,48050,1823,351,74,98.1220298974928
161,48015,2648015,4424023,0,Macomb,eb86e1ba-a69f-475d-955f-96029a1404b3,47613537.5711063,29218.7626768362,295,48015,8279,1885,393,4846.84015327454
162,48082,2648082,8542622,1957359,Macomb,1ecb7bf5-f0a0-4a5b-ba2c-aff4fcb451f6,113006017.685418,47196.13553078,343,48082,16719,3458,802,5068.94172773934
163,48323,2648323,22625294,3528983,Oakland,637a2667-2709-48a8-a470-d01dc3910881,281479853.451745,116950.193403037,53,48323,17536,4194,834,2007.40266420067
164,48098,2648098,24324089,30981,Oakland,c6d82a6b-40c8-4b86-8a25-3da5db60c201,262115529.721892,65492.8890955827,356,48098,19452,4398,883,2071.21826743287
165,48381,2648381,51852337,1968626,Oakland,ddbd8cb4-70a1-478d-8cb1-6469a6a00654,579241589.250743,124070.83930605,83,48381,12868,2903,728,642.748257524213
166,48234,2648234,20288109,0,Wayne,b0eab9e3-0f9d-4d29-a2b6-f3b8bfda84c2,218353579.186931,96083.3830472126,29,48234,34862,8852,2206,4450.50117181183
167,48210,2648210,13057914,0,Wayne,0e6a6149-6e88-4e75-8034-68c59f56412b,140541483.342275,54764.7211990821,8,48210,31881,11583,3641,6323.48251413304
168,48202,2648202,8616314,0,Wayne,9ee00ca8-7b12-47bc-9681-276051e44a8e,92735735.9219059,52981.5300289726,428,48202,16227,2647,644,4877.69801990764
169,48235,2648235,16189821,0,Wayne,748e7000-8ed6-40d1-9700-b56238c90f41,174245274.57949,60042.5144644566,30,48235,45979,11206,2724,7355.55869109765
170,48124,2648124,22934067,115622,Wayne,e1b06c80-62be-4561-aece-3dc6073c4e4b,248085409.149268,79587.4157962308,370,48124,30529,6490,1756,3447.70177641477
171,48183,2648183,48139682,2168611,Wayne,c3b5ffd8-3580-4463-a640-1156aacb8918,541508466.568094,141987.663096446,413,48183,42789,9386,2257,2302.11550829705
172,48154,2648154,30085171,7419,Wayne,233d9d89-e421-4958-a0e7-0997d3fc0daa,323878046.348994,93097.8804309595,391,48154,37932,7271,1578,3265.5132347934
173,48240,2648240,9695508,0,Wayne,c8b2a95a-aacd-43f7-aee6-27723b426fbb,104349254.442677,43454.9130528366,35,48240,17671,3994,1179,4720.50811439419
174,48125,2648125,10489268,956,Wayne,7b8d1f04-ba11-4ab0-b8d0-bbd41124dc20,112907709.82583,78457.678166471,371,48125,20056,4534,1368,4952.19035379128
